hour_starts_at,consumption_kwh,consumption_unit_price_eur,consumption_cost_eur,production_kwh,production_unit_price_eur,production_profit_eur
2025-12-01T00:00:00.000+01:00,0.652,0.251991575,0.1642985069,0,0.251991575,0
2025-12-01T01:00:00.000+01:00,1.058,0.24874575,0.2631730035,0,0.24874575,0
2025-12-01T02:00:00.000+01:00,1.455,0.24252635,0.35287583925,0,0.24252635,0
2025-12-01T03:00:00.000+01:00,0.674,0.22926475,0.1545244415,0,0.22926475,0
2025-12-01T04:00:00.000+01:00,0.722,0.2234265,0.161313933,0,0.2234265,0
2025-12-01T05:00:00.000+01:00,1.457,0.2202684,0.3209310588,0,0.2202684,0
2025-12-01T06:00:00.000+01:00,0.737,0.229437175,0.169095197975,0,0.229437175,0
2025-12-01T07:00:00.000+01:00,0.735,0.256075325,0.188215363875,0,0.256075325,0
2025-12-01T08:00:00.000+01:00,0.622,0.26804525,0.1667241455,0,0.26804525,0
2025-12-01T09:00:00.000+01:00,0.662,0.2718991,0.1799972042,0,0.2718991,0
2025-12-01T10:00:00.000+01:00,0.405,0.251489425,0.101853217125,0,0.251489425,0
2025-12-01T11:00:00.000+01:00,0.086,0.2443111,0.0210107546,0.096,0.2443111,0.0234538656
2025-12-01T12:00:00.000+01:00,0.37,0.2408263,0.089105731,0.111,0.2408263,0.0267317193
2025-12-01T13:00:00.000+01:00,0.31,0.25190385,0.0780901935,0.01,0.25190385,0.0025190385
2025-12-01T14:00:00.000+01:00,1.075,0.2608034,0.280363655,0,0.2608034,0
2025-12-01T15:00:00.000+01:00,1.601,0.2573549,0.4120251949,0,0.2573549,0
2025-12-01T16:00:00.000+01:00,0.723,0.2605614,0.1883858922,0,0.2605614,0
2025-12-01T17:00:00.000+01:00,0.533,0.2682328,0.1429680824,0,0.2682328,0
2025-12-01T18:00:00.000+01:00,1.157,0.25852255,0.29911059035,0,0.25852255,0
2025-12-01T19:00:00.000+01:00,0.617,0.252657075,0.155889415275,0,0.252657075,0
2025-12-01T20:00:00.000+01:00,1.054,0.250987275,0.26454058785,0,0.250987275,0
2025-12-01T21:00:00.000+01:00,0.663,0.240841425,0.159677864775,0,0.240841425,0
2025-12-01T22:00:00.000+01:00,0.455,0.240109375,0.109249765625,0,0.240109375,0
2025-12-01T23:00:00.000+01:00,0.446,0.2333122,0.1040572412,0,0.2333122,0
2025-12-02T00:00:00.000+01:00,0.436,0.225232425,0.0982013373,0,0.225232425,0
2025-12-02T01:00:00.000+01:00,0.446,0.21923385,0.0977782971,0,0.21923385,0
2025-12-02T02:00:00.000+01:00,0.454,0.21311125,0.0967525075,0,0.21311125,0
2025-12-02T03:00:00.000+01:00,0.709,0.2092332,0.1483463388,0,0.2092332,0
2025-12-02T04:00:00.000+01:00,6.194,0.206713375,1.28038264475,0,0.206713375,0
2025-12-02T05:00:00.000+01:00,0.773,0.222878975,0.172285447675,0,0.222878975,0
2025-12-02T06:00:00.000+01:00,0.577,0.2420484,0.1396619268,0,0.2420484,0
2025-12-02T07:00:00.000+01:00,0.775,0.244483525,0.189474731875,0,0.244483525,0
2025-12-02T08:00:00.000+01:00,0.735,0.256807375,0.188753420625,0,0.256807375,0
2025-12-02T09:00:00.000+01:00,0.706,0.2480984,0.1751574704,0,0.2480984,0
2025-12-02T10:00:00.000+01:00,0.748,0.254030425,0.1900147579,0,0.254030425,0
2025-12-02T11:00:00.000+01:00,0.439,0.2523818,0.1107956102,0,0.2523818,0
2025-12-02T12:00:00.000+01:00,0.22,0.2531441,0.055691702,0.013,0.2531441,0.0032908733
2025-12-02T13:00:00.000+01:00,0.366,0.2564474,0.0938597484,0.003,0.2564474,0.0007693422
2025-12-02T14:00:00.000+01:00,1.024,0.256704525,0.2628654336,0,0.256704525,0
2025-12-02T15:00:00.000+01:00,1.404,0.264533225,0.3714046479,0,0.264533225,0
2025-12-02T16:00:00.000+01:00,1.284,0.2937396,0.3771616464,0,0.2937396,0
2025-12-02T17:00:00.000+01:00,1.27,0.317658275,0.40342600925,0,0.317658275,0
2025-12-02T18:00:00.000+01:00,0.614,0.2922997,0.1794720158,0,0.2922997,0
2025-12-02T19:00:00.000+01:00,0.578,0.2795584,0.1615847552,0,0.2795584,0
2025-12-02T20:00:00.000+01:00,0.929,0.262621425,0.243975303825,0,0.262621425,0
2025-12-02T21:00:00.000+01:00,0.682,0.2549833,0.1738986106,0,0.2549833,0
2025-12-02T22:00:00.000+01:00,0.802,0.2536402,0.2034194404,0,0.2536402,0
2025-12-02T23:00:00.000+01:00,1.666,0.26180165,0.4361615489,0,0.26180165,0
2025-12-03T00:00:00.000+01:00,2.825,0.2482436,0.70128817,0,0.2482436,0
2025-12-03T01:00:00.000+01:00,0.798,0.250479075,0.19988230185,0,0.250479075,0
2025-12-03T02:00:00.000+01:00,0.567,0.24997995,0.14173863165,0,0.24997995,0
2025-12-03T03:00:00.000+01:00,0.621,0.247085025,0.153439800525,0,0.247085025,0
2025-12-03T04:00:00.000+01:00,0.493,0.246879325,0.121711507225,0,0.246879325,0
2025-12-03T05:00:00.000+01:00,2.613,0.25154085,0.65727624105,0,0.25154085,0
2025-12-03T06:00:00.000+01:00,2.041,0.24926,0.50873966,0,0.24926,0
2025-12-03T07:00:00.000+01:00,0.631,0.278091275,0.175475594525,0,0.278091275,0
2025-12-03T08:00:00.000+01:00,0.937,0.3350248,0.3139182376,0,0.3350248,0
2025-12-03T09:00:00.000+01:00,0.929,0.319945175,0.297229067575,0,0.319945175,0
2025-12-03T10:00:00.000+01:00,3.725,0.304378525,1.133810005625,0,0.304378525,0
2025-12-03T11:00:00.000+01:00,0.486,0.304941175,0.14820141105,0.024,0.304941175,0.0073185882
2025-12-03T12:00:00.000+01:00,0.045,0.303525475,0.013658646375,0.192,0.303525475,0.0582768912
2025-12-03T13:00:00.000+01:00,0.271,0.304971425,0.082647256175,0.006,0.304971425,0.00182982855
2025-12-03T14:00:00.000+01:00,0.265,0.3534894,0.093674691,0,0.3534894,0
2025-12-03T15:00:00.000+01:00,0.173,0.402400625,0.069615308125,0.094,0.402400625,0.03782565875
2025-12-03T16:00:00.000+01:00,0.542,0.4601146,0.2493821132,0,0.4601146,0
2025-12-03T17:00:00.000+01:00,0.552,0.441556225,0.2437390362,0,0.441556225,0
2025-12-03T18:00:00.000+01:00,1.094,0.383857375,0.41993996825,0,0.383857375,0
2025-12-03T19:00:00.000+01:00,0.62,0.348979125,0.2163670575,0,0.348979125,0
2025-12-03T20:00:00.000+01:00,0.755,0.317071425,0.239388925875,0,0.317071425,0
2025-12-03T21:00:00.000+01:00,2.398,0.279797375,0.67095410525,0,0.279797375,0
2025-12-03T22:00:00.000+01:00,3.167,0.256456475,0.812197656325,0,0.256456475,0
2025-12-03T23:00:00.000+01:00,0.759,0.250394375,0.190049330625,0,0.250394375,0
2025-12-04T00:00:00.000+01:00,0.722,0.25586055,0.1847313171,0,0.25586055,0
2025-12-04T01:00:00.000+01:00,0.719,0.25520715,0.18349394085,0,0.25520715,0
2025-12-04T02:00:00.000+01:00,0.746,0.250854175,0.18713721455,0,0.250854175,0
2025-12-04T03:00:00.000+01:00,0.68,0.248833475,0.169206763,0,0.248833475,0
2025-12-04T04:00:00.000+01:00,1.347,0.24268365,0.32689487655,0,0.24268365,0
2025-12-04T05:00:00.000+01:00,1.461,0.2444684,0.3571683324,0,0.2444684,0
2025-12-04T06:00:00.000+01:00,0.516,0.2396284,0.1236482544,0,0.2396284,0
2025-12-04T07:00:00.000+01:00,0.566,0.2807684,0.1589149144,0,0.2807684,0
2025-12-04T08:00:00.000+01:00,0.556,0.3009633,0.1673355948,0,0.3009633,0
2025-12-04T09:00:00.000+01:00,0.62,0.24759625,0.153509675,0,0.24759625,0
2025-12-04T10:00:00.000+01:00,0.119,0.2595571,0.0308872949,0.159,0.2595571,0.0412695789
2025-12-04T11:00:00.000+01:00,0.099,0.258991425,0.025640151075,1.514,0.258991425,0.39211301745
2025-12-04T12:00:00.000+01:00,0.059,0.255431,0.015070429,2.308,0.255431,0.589534748
2025-12-04T13:00:00.000+01:00,0,0.2574517,0,2.848,0.2574517,0.7332224416
2025-12-04T14:00:00.000+01:00,0.073,0.2662484,0.0194361332,0.87,0.2662484,0.231636108
2025-12-04T15:00:00.000+01:00,3.209,0.2652441,0.8511683169,0.099,0.2652441,0.0262591659
2025-12-04T16:00:00.000+01:00,0.287,0.3080176,0.0884010512,0,0.3080176,0
2025-12-04T17:00:00.000+01:00,1.499,0.303226,0.454535774,0,0.303226,0
2025-12-04T18:00:00.000+01:00,0.366,0.2942115,0.107681409,0,0.2942115,0
2025-12-04T19:00:00.000+01:00,0.343,0.289241425,0.099209808775,0,0.289241425,0
2025-12-04T20:00:00.000+01:00,0.403,0.281128375,0.113294735125,0,0.281128375,0
2025-12-04T21:00:00.000+01:00,0.818,0.264055275,0.21599721495,0,0.264055275,0
2025-12-04T22:00:00.000+01:00,1.354,0.257999225,0.34933095065,0,0.257999225,0
2025-12-04T23:00:00.000+01:00,0.18,0.2505184,0.045093312,0,0.2505184,0
2025-12-05T00:00:00.000+01:00,0.181,0.2384184,0.0431537304,0,0.2384184,0
2025-12-05T01:00:00.000+01:00,0.726,0.245118775,0.17795623065,0,0.245118775,0
2025-12-05T02:00:00.000+01:00,1.015,0.24475275,0.24842404125,0,0.24475275,0
2025-12-05T03:00:00.000+01:00,0.84,0.24547875,0.20620215,0,0.24547875,0
2025-12-05T04:00:00.000+01:00,0.84,0.244519825,0.205396653,0,0.244519825,0
2025-12-05T05:00:00.000+01:00,2.677,0.256625875,0.686987467375,0,0.256625875,0
2025-12-05T06:00:00.000+01:00,0.759,0.2856084,0.2167767756,0,0.2856084,0
2025-12-05T07:00:00.000+01:00,0.59,0.300282675,0.17716677825,0,0.300282675,0
2025-12-05T08:00:00.000+01:00,0.894,0.358471575,0.32047358805,0,0.358471575,0
2025-12-05T09:00:00.000+01:00,0.618,0.36119105,0.2232160689,0,0.36119105,0
2025-12-05T10:00:00.000+01:00,0.508,0.34210935,0.1737915498,0,0.34210935,0
2025-12-05T11:00:00.000+01:00,0.972,0.333497175,0.3241592541,0,0.333497175,0
2025-12-05T12:00:00.000+01:00,1.072,0.327059975,0.3506082932,0,0.327059975,0
2025-12-05T13:00:00.000+01:00,1.799,0.31778835,0.57170124165,0,0.31778835,0
2025-12-05T14:00:00.000+01:00,1.347,0.314348925,0.423428001975,0,0.314348925,0
2025-12-05T15:00:00.000+01:00,0.879,0.314766375,0.276679643625,0,0.314766375,0
2025-12-05T16:00:00.000+01:00,1.054,0.315964275,0.33302634585,0,0.315964275,0
2025-12-05T17:00:00.000+01:00,1.315,0.3170684,0.416944946,0,0.3170684,0
2025-12-05T18:00:00.000+01:00,0.648,0.2806474,0.1818595152,0,0.2806474,0
2025-12-05T19:00:00.000+01:00,0.996,0.2577784,0.2567472864,0,0.2577784,0
2025-12-05T20:00:00.000+01:00,1.259,0.25319855,0.31877697445,0,0.25319855,0
2025-12-05T21:00:00.000+01:00,0.722,0.25178285,0.1817872177,0,0.25178285,0
2025-12-05T22:00:00.000+01:00,0.772,0.247242325,0.1908710749,0,0.247242325,0
2025-12-05T23:00:00.000+01:00,0.637,0.243267475,0.154961381575,0,0.243267475,0
2025-12-06T00:00:00.000+01:00,0.557,0.23869065,0.13295069205,0,0.23869065,0
2025-12-06T01:00:00.000+01:00,0.478,0.2316061,0.1107077158,0,0.2316061,0
2025-12-06T02:00:00.000+01:00,0.521,0.227964,0.118769244,0,0.227964,0
2025-12-06T03:00:00.000+01:00,0.531,0.223072575,0.118451537325,0,0.223072575,0
2025-12-06T04:00:00.000+01:00,0.447,0.219291325,0.098023222275,0,0.219291325,0
2025-12-06T05:00:00.000+01:00,0.54,0.216677725,0.1170059715,0,0.216677725,0
2025-12-06T06:00:00.000+01:00,0.56,0.21616045,0.121049852,0,0.21616045,0
2025-12-06T07:00:00.000+01:00,0.548,0.2214663,0.1213635324,0,0.2214663,0
2025-12-06T08:00:00.000+01:00,0.511,0.233539075,0.119338467325,0,0.233539075,0
2025-12-06T09:00:00.000+01:00,0.549,0.23979175,0.13164567075,0,0.23979175,0
2025-12-06T10:00:00.000+01:00,1.38,0.240042825,0.3312590985,0,0.240042825,0
2025-12-06T11:00:00.000+01:00,0.354,0.24134055,0.0854345547,0,0.24134055,0
2025-12-06T12:00:00.000+01:00,0.231,0.239764525,0.055385605275,0.015,0.239764525,0.003596467875
2025-12-06T13:00:00.000+01:00,0.994,0.24086865,0.2394234381,0,0.24086865,0
2025-12-06T14:00:00.000+01:00,0.621,0.2420242,0.1502970282,0,0.2420242,0
2025-12-06T15:00:00.000+01:00,0.566,0.2475418,0.1401086588,0,0.2475418,0
2025-12-06T16:00:00.000+01:00,0.519,0.2533377,0.1314822663,0,0.2533377,0
2025-12-06T17:00:00.000+01:00,0.586,0.2546445,0.149221677,0,0.2546445,0
2025-12-06T18:00:00.000+01:00,1.022,0.2499981,0.2554980582,0,0.2499981,0
2025-12-06T19:00:00.000+01:00,1.064,0.248295025,0.2641859066,0,0.248295025,0
2025-12-06T20:00:00.000+01:00,1.648,0.239822,0.395226656,0,0.239822,0
2025-12-06T21:00:00.000+01:00,1.017,0.236297875,0.240314938875,0,0.236297875,0
2025-12-06T22:00:00.000+01:00,0.506,0.23393535,0.1183712871,0,0.23393535,0
2025-12-06T23:00:00.000+01:00,0.546,0.229279875,0.12518681175,0,0.229279875,0
2025-12-07T00:00:00.000+01:00,8.379,0.2249874,1.8851694246,0,0.2249874,0
2025-12-07T01:00:00.000+01:00,8.271,0.218159975,1.804401153225,0,0.218159975,0
2025-12-07T02:00:00.000+01:00,2.1,0.212950925,0.4471969425,0,0.212950925,0
2025-12-07T03:00:00.000+01:00,0.594,0.210246575,0.12488646555,0,0.210246575,0
2025-12-07T04:00:00.000+01:00,0.424,0.2208008,0.0936195392,0,0.2208008,0
2025-12-07T05:00:00.000+01:00,0.424,0.22269445,0.0944224468,0,0.22269445,0
2025-12-07T06:00:00.000+01:00,0.414,0.2247696,0.0930546144,0,0.2247696,0
2025-12-07T07:00:00.000+01:00,0.436,0.240847475,0.1050094991,0,0.240847475,0
2025-12-07T08:00:00.000+01:00,0.602,0.244580325,0.14723735565,0,0.244580325,0
2025-12-07T09:00:00.000+01:00,0.547,0.25118995,0.13740090265,0.005,0.25118995,0.00125594975
2025-12-07T10:00:00.000+01:00,0.605,0.24775355,0.14989089775,0,0.24775355,0
2025-12-07T11:00:00.000+01:00,1.013,0.25463845,0.25794874985,0,0.25463845,0
2025-12-07T12:00:00.000+01:00,1.162,0.2530594,0.2940550228,0,0.2530594,0
2025-12-07T13:00:00.000+01:00,1.328,0.25406975,0.337404628,0,0.25406975,0
2025-12-07T14:00:00.000+01:00,0.408,0.2595087,0.1058795496,0,0.2595087,0
2025-12-07T15:00:00.000+01:00,0.402,0.259862625,0.10446477525,0,0.259862625,0
2025-12-07T16:00:00.000+01:00,0.42,0.265083775,0.1113351855,0,0.265083775,0
2025-12-07T17:00:00.000+01:00,0.421,0.274558075,0.115588949575,0,0.274558075,0
2025-12-07T18:00:00.000+01:00,0.417,0.254992375,0.106331820375,0,0.254992375,0
2025-12-07T19:00:00.000+01:00,0.419,0.245433375,0.102836584125,0,0.245433375,0
2025-12-07T20:00:00.000+01:00,0.557,0.238282275,0.132723227175,0,0.238282275,0
2025-12-07T21:00:00.000+01:00,0.313,0.22725615,0.07113117495,0,0.22725615,0
2025-12-07T22:00:00.000+01:00,0.152,0.219376025,0.0333451558,0,0.219376025,0
2025-12-07T23:00:00.000+01:00,0.148,0.193082725,0.0285762433,0,0.193082725,0
2025-12-08T00:00:00.000+01:00,0.156,0.167031425,0.0260569023,0,0.167031425,0
2025-12-08T01:00:00.000+01:00,2.592,0.158585625,0.41105394,0,0.158585625,0
2025-12-08T02:00:00.000+01:00,0.155,0.160170725,0.024826462375,0,0.160170725,0
2025-12-08T03:00:00.000+01:00,7.072,0.1544081,1.0919740832,0,0.1544081,0
2025-12-08T04:00:00.000+01:00,0.927,0.1607485,0.1490138595,0,0.1607485,0
2025-12-08T05:00:00.000+01:00,2.739,0.177921425,0.487326783075,0,0.177921425,0
2025-12-08T06:00:00.000+01:00,0.318,0.220265375,0.07004438925,0,0.220265375,0
2025-12-08T07:00:00.000+01:00,0.93,0.241658175,0.22474210275,0,0.241658175,0
2025-12-08T08:00:00.000+01:00,1.314,0.257708825,0.33862939605,0,0.257708825,0
2025-12-08T09:00:00.000+01:00,1.252,0.258235175,0.3233104391,0,0.258235175,0
2025-12-08T10:00:00.000+01:00,0.842,0.2505426,0.2109568692,0.037,0.2505426,0.0092700762
2025-12-08T11:00:00.000+01:00,0.52,0.240296925,0.124954401,0,0.240296925,0
2025-12-08T12:00:00.000+01:00,0.478,0.235517425,0.11257732915,0,0.235517425,0
2025-12-08T13:00:00.000+01:00,0.447,0.240526825,0.107515490775,0,0.240526825,0
2025-12-08T14:00:00.000+01:00,0.54,0.244852575,0.1322203905,0,0.244852575,0
2025-12-08T15:00:00.000+01:00,0.547,0.257472875,0.140837662625,0,0.257472875,0
2025-12-08T16:00:00.000+01:00,0.542,0.255548975,0.13850754445,0,0.255548975,0
2025-12-08T17:00:00.000+01:00,0.787,0.271787175,0.213896506725,0,0.271787175,0
2025-12-08T18:00:00.000+01:00,1.022,0.2658733,0.2717225126,0,0.2658733,0
2025-12-08T19:00:00.000+01:00,0.617,0.2626184,0.1620355528,0,0.2626184,0
2025-12-08T20:00:00.000+01:00,0.47,0.251114325,0.11802373275,0,0.251114325,0
2025-12-08T21:00:00.000+01:00,0.259,0.2433189,0.0630195951,0,0.2433189,0
2025-12-08T22:00:00.000+01:00,0.246,0.241482725,0.05940475035,0,0.241482725,0
2025-12-08T23:00:00.000+01:00,0.171,0.2328282,0.0398136222,0,0.2328282,0
2025-12-09T00:00:00.000+01:00,0.243,0.230326525,0.055969345575,0,0.230326525,0
2025-12-09T01:00:00.000+01:00,1.696,0.22995445,0.3900027472,0,0.22995445,0
2025-12-09T02:00:00.000+01:00,0.812,0.230604825,0.1872511179,0,0.230604825,0
2025-12-09T03:00:00.000+01:00,0.17,0.230181325,0.03913082525,0,0.230181325,0
2025-12-09T04:00:00.000+01:00,0.156,0.227331775,0.0354637569,0,0.227331775,0
2025-12-09T05:00:00.000+01:00,0.145,0.234283225,0.033971067625,0,0.234283225,0
2025-12-09T06:00:00.000+01:00,0.164,0.253667425,0.0416014577,0,0.253667425,0
2025-12-09T07:00:00.000+01:00,0.204,0.26446365,0.0539505846,0,0.26446365,0
2025-12-09T08:00:00.000+01:00,0.308,0.2893836,0.0891301488,0,0.2893836,0
2025-12-09T09:00:00.000+01:00,0.212,0.274316075,0.0581550079,0,0.274316075,0
2025-12-09T10:00:00.000+01:00,0.089,0.261471925,0.023271001325,0.095,0.261471925,0.024839832875
2025-12-09T11:00:00.000+01:00,0.696,0.258259375,0.179748525,0.04,0.258259375,0.010330375
2025-12-09T12:00:00.000+01:00,0.331,0.252330375,0.083521354125,0.014,0.252330375,0.00353262525
2025-12-09T13:00:00.000+01:00,0.511,0.25542495,0.13052214945,0.044,0.25542495,0.0112386978
2025-12-09T14:00:00.000+01:00,0.32,0.2541605,0.08133136,0.011,0.2541605,0.0027957655
2025-12-09T15:00:00.000+01:00,1.059,0.2649537,0.2805859683,0,0.2649537,0
2025-12-09T16:00:00.000+01:00,1.453,0.261078675,0.379347314775,0,0.261078675,0
2025-12-09T17:00:00.000+01:00,1.414,0.265846075,0.37590635005,0,0.265846075,0
2025-12-09T18:00:00.000+01:00,1.804,0.25548545,0.4608957518,0,0.25548545,0
2025-12-09T19:00:00.000+01:00,0.377,0.2456784,0.0926207568,0,0.2456784,0
2025-12-09T20:00:00.000+01:00,0.527,0.2424356,0.1277635612,0,0.2424356,0
2025-12-09T21:00:00.000+01:00,0.323,0.231488125,0.074770664375,0,0.231488125,0
2025-12-09T22:00:00.000+01:00,0.277,0.225764825,0.062536856525,0,0.225764825,0
2025-12-09T23:00:00.000+01:00,0.227,0.206005525,0.046763254175,0,0.206005525,0
2025-12-10T00:00:00.000+01:00,0.189,0.196543325,0.037146688425,0,0.196543325,0
2025-12-10T01:00:00.000+01:00,0.178,0.187468325,0.03336936185,0,0.187468325,0
2025-12-10T02:00:00.000+01:00,0.177,0.180653,0.031975581,0,0.180653,0
2025-12-10T03:00:00.000+01:00,0.179,0.1843314,0.0329953206,0,0.1843314,0
2025-12-10T04:00:00.000+01:00,0.167,0.1992023,0.0332667841,0,0.1992023,0
2025-12-10T05:00:00.000+01:00,0.168,0.221771825,0.0372576666,0,0.221771825,0
2025-12-10T06:00:00.000+01:00,0.796,0.236921025,0.1885891359,0,0.236921025,0
2025-12-10T07:00:00.000+01:00,1.024,0.252130725,0.2581818624,0,0.252130725,0
2025-12-10T08:00:00.000+01:00,1.256,0.2607671,0.3275234776,0,0.2607671,0
2025-12-10T09:00:00.000+01:00,0.974,0.260225625,0.25345975875,0,0.260225625,0
2025-12-10T10:00:00.000+01:00,0.902,0.2513412,0.2267097624,0.012,0.2513412,0.0030160944
2025-12-10T11:00:00.000+01:00,0.649,0.245034075,0.159027114675,0,0.245034075,0
2025-12-10T12:00:00.000+01:00,0.854,0.24366375,0.2080888425,0,0.24366375,0
2025-12-10T13:00:00.000+01:00,0.988,0.2437424,0.2408174912,0.036,0.2437424,0.0087747264
2025-12-10T14:00:00.000+01:00,0.601,0.2517284,0.1512887684,0.134,0.2517284,0.0337316056
2025-12-10T15:00:00.000+01:00,0.756,0.2552374,0.1929594744,0,0.2552374,0
2025-12-10T16:00:00.000+01:00,0.647,0.26261235,0.16991019045,0,0.26261235,0
2025-12-10T17:00:00.000+01:00,0.817,0.273218,0.223219106,0,0.273218,0
2025-12-10T18:00:00.000+01:00,0.599,0.27282475,0.16342202525,0,0.27282475,0
2025-12-10T19:00:00.000+01:00,0.6,0.263296,0.1579776,0,0.263296,0
2025-12-10T20:00:00.000+01:00,0.875,0.2527085,0.2211199375,0,0.2527085,0
2025-12-10T21:00:00.000+01:00,0.877,0.2496714,0.2189618178,0,0.2496714,0
2025-12-10T22:00:00.000+01:00,0.727,0.2458599,0.1787401473,0,0.2458599,0
2025-12-10T23:00:00.000+01:00,0.569,0.238990125,0.135985381125,0,0.238990125,0
2025-12-11T00:00:00.000+01:00,1.003,0.234458675,0.235162051025,0,0.234458675,0
2025-12-11T01:00:00.000+01:00,1.31,0.233750825,0.30621358075,0,0.233750825,0
2025-12-11T02:00:00.000+01:00,1.225,0.232226225,0.284477125625,0,0.232226225,0
2025-12-11T03:00:00.000+01:00,0.559,0.234361875,0.131008288125,0,0.234361875,0
2025-12-11T04:00:00.000+01:00,0.56,0.235432725,0.131842326,0,0.235432725,0
2025-12-11T05:00:00.000+01:00,0.649,0.240762775,0.156255040975,0,0.240762775,0
2025-12-11T06:00:00.000+01:00,1.285,0.249381,0.320454585,0,0.249381,0
2025-12-11T07:00:00.000+01:00,0.666,0.26430635,0.1760280291,0,0.26430635,0
2025-12-11T08:00:00.000+01:00,0.505,0.27823345,0.14050789225,0,0.27823345,0
2025-12-11T09:00:00.000+01:00,0.407,0.273239175,0.111208344225,0,0.273239175,0
2025-12-11T10:00:00.000+01:00,0.606,0.257255075,0.15589657545,0.001,0.257255075,0.000257255075
2025-12-11T11:00:00.000+01:00,0.246,0.2546566,0.0626455236,0.023,0.2546566,0.0058571018
2025-12-11T12:00:00.000+01:00,0.091,0.2522971,0.0229590361,0.057,0.2522971,0.0143809347
2025-12-11T13:00:00.000+01:00,0.025,0.25307755,0.00632693875,0.526,0.25307755,0.1331187913
2025-12-11T14:00:00.000+01:00,0.009,0.26120875,0.00235087875,0.605,0.26120875,0.15803129375
2025-12-11T15:00:00.000+01:00,0.035,0.275919325,0.009657176375,0.07,0.275919325,0.01931435275
2025-12-11T16:00:00.000+01:00,1.037,0.28045985,0.29083686445,0,0.28045985,0
2025-12-11T17:00:00.000+01:00,8.201,0.28349695,2.32495848695,0,0.28349695,0
2025-12-11T18:00:00.000+01:00,0.988,0.28169405,0.2783137214,0,0.28169405,0
2025-12-11T19:00:00.000+01:00,0.592,0.275883025,0.1633227508,0,0.275883025,0
2025-12-11T20:00:00.000+01:00,0.65,0.269300625,0.17504540625,0,0.269300625,0
2025-12-11T21:00:00.000+01:00,0.576,0.2571008,0.1480900608,0,0.2571008,0
2025-12-11T22:00:00.000+01:00,0.607,0.258265425,0.156767112975,0,0.258265425,0
2025-12-11T23:00:00.000+01:00,0.464,0.25383985,0.1177816904,0,0.25383985,0
2025-12-12T00:00:00.000+01:00,0.442,0.24679765,0.1090845613,0,0.24679765,0
2025-12-12T01:00:00.000+01:00,0.415,0.249450575,0.103521988625,0,0.249450575,0
2025-12-12T02:00:00.000+01:00,0.427,0.25016145,0.10681893915,0,0.25016145,0
2025-12-12T03:00:00.000+01:00,0.453,0.25076645,0.11359720185,0,0.25076645,0
2025-12-12T04:00:00.000+01:00,0.449,0.2478927,0.1113038223,0,0.2478927,0
2025-12-12T05:00:00.000+01:00,0.462,0.248633825,0.11486882715,0,0.248633825,0
2025-12-12T06:00:00.000+01:00,0.528,0.253540375,0.133869318,0,0.253540375,0
2025-12-12T07:00:00.000+01:00,0.521,0.288043525,0.150070676525,0,0.288043525,0
2025-12-12T08:00:00.000+01:00,0.783,0.3020402,0.2364974766,0,0.3020402,0
2025-12-12T09:00:00.000+01:00,0.681,0.29795645,0.20290834245,0,0.29795645,0
2025-12-12T10:00:00.000+01:00,1.436,0.29028505,0.4168493318,0,0.29028505,0
2025-12-12T11:00:00.000+01:00,0.605,0.284855175,0.172337380875,0,0.284855175,0
2025-12-12T12:00:00.000+01:00,0.441,0.279543275,0.123278584275,0,0.279543275,0
2025-12-12T13:00:00.000+01:00,0.865,0.283403175,0.245143746375,0,0.283403175,0
2025-12-12T14:00:00.000+01:00,1.511,0.291697725,0.440755262475,0,0.291697725,0
2025-12-12T15:00:00.000+01:00,1.566,0.29880345,0.4679262027,0,0.29880345,0
2025-12-12T16:00:00.000+01:00,0.771,0.3139708,0.2420714868,0,0.3139708,0
2025-12-12T17:00:00.000+01:00,0.68,0.32233795,0.219189806,0,0.32233795,0
2025-12-12T18:00:00.000+01:00,4.063,0.303598075,1.233518978725,0,0.303598075,0
2025-12-12T19:00:00.000+01:00,0.601,0.279791325,0.168154586325,0,0.279791325,0
2025-12-12T20:00:00.000+01:00,3.408,0.270480375,0.921797118,0,0.270480375,0
2025-12-12T21:00:00.000+01:00,0.595,0.2614084,0.155537998,0,0.2614084,0
2025-12-12T22:00:00.000+01:00,0.499,0.255996675,0.127742340825,0,0.255996675,0
2025-12-12T23:00:00.000+01:00,0.456,0.256462525,0.1169469114,0,0.256462525,0
2025-12-13T00:00:00.000+01:00,0.453,0.251683025,0.114012410325,0,0.251683025,0
2025-12-13T01:00:00.000+01:00,0.446,0.255040775,0.11374818565,0,0.255040775,0
2025-12-13T02:00:00.000+01:00,0.44,0.2506394,0.110281336,0,0.2506394,0
2025-12-13T03:00:00.000+01:00,0.852,0.247290725,0.2106916977,0,0.247290725,0
2025-12-13T04:00:00.000+01:00,0.61,0.244223375,0.14897625875,0,0.244223375,0
2025-12-13T05:00:00.000+01:00,0.436,0.246231975,0.1073571411,0,0.246231975,0
2025-12-13T06:00:00.000+01:00,0.44,0.241016875,0.106047425,0,0.241016875,0
2025-12-13T07:00:00.000+01:00,2.37,0.24371215,0.5775977955,0,0.24371215,0
2025-12-13T08:00:00.000+01:00,0.437,0.2613963,0.1142301831,0,0.2613963,0
2025-12-13T09:00:00.000+01:00,0.488,0.27235285,0.1329081908,0,0.27235285,0
2025-12-13T10:00:00.000+01:00,0.178,0.266656775,0.04746490595,0.753,0.266656775,0.200792551575
2025-12-13T11:00:00.000+01:00,0.092,0.2610454,0.0240161768,1.277,0.2610454,0.3333549758
2025-12-13T12:00:00.000+01:00,0.004,0.256879975,0.0010275199,2.055,0.256879975,0.527888348625
2025-12-13T13:00:00.000+01:00,0,0.25498935,0,3.027,0.25498935,0.77185276245
2025-12-13T14:00:00.000+01:00,0.078,0.25780865,0.0201090747,1.05,0.25780865,0.2706990825
2025-12-13T15:00:00.000+01:00,0.136,0.27834235,0.0378545596,0.088,0.27834235,0.0244941268
2025-12-13T16:00:00.000+01:00,0.771,0.285439,0.220073469,0,0.285439,0
2025-12-13T17:00:00.000+01:00,0.35,0.2862497,0.100187395,0,0.2862497,0
2025-12-13T18:00:00.000+01:00,1.364,0.27909255,0.3806822382,0,0.27909255,0
2025-12-13T19:00:00.000+01:00,0.342,0.270310975,0.09244635345,0,0.270310975,0
2025-12-13T20:00:00.000+01:00,0.724,0.256214475,0.1854992799,0,0.256214475,0
2025-12-13T21:00:00.000+01:00,0.718,0.2538459,0.1822613562,0,0.2538459,0
2025-12-13T22:00:00.000+01:00,3.69,0.25333165,0.9347937885,0,0.25333165,0
2025-12-13T23:00:00.000+01:00,0.87,0.2444684,0.212687508,0,0.2444684,0
2025-12-14T00:00:00.000+01:00,5.236,0.25586055,1.3396858398,0,0.25586055,0
2025-12-14T01:00:00.000+01:00,0.773,0.25423915,0.19652686295,0,0.25423915,0
2025-12-14T02:00:00.000+01:00,1.129,0.244211275,0.275714529475,0,0.244211275,0
2025-12-14T03:00:00.000+01:00,1.183,0.241633975,0.285852992425,0,0.241633975,0
2025-12-14T04:00:00.000+01:00,1.197,0.2370874,0.2837936178,0,0.2370874,0
2025-12-14T05:00:00.000+01:00,0.668,0.2382006,0.1591180008,0,0.2382006,0
2025-12-14T06:00:00.000+01:00,0.628,0.236467275,0.1485014487,0,0.236467275,0
2025-12-14T07:00:00.000+01:00,0.509,0.2374504,0.1208622536,0,0.2374504,0
2025-12-14T08:00:00.000+01:00,0.564,0.243479225,0.1373222829,0,0.243479225,0
2025-12-14T09:00:00.000+01:00,0.577,0.2459325,0.1419030525,0,0.2459325,0
2025-12-14T10:00:00.000+01:00,0.46,0.24181245,0.111233727,0,0.24181245,0
2025-12-14T11:00:00.000+01:00,0.325,0.246250125,0.080031290625,0,0.246250125,0
2025-12-14T12:00:00.000+01:00,0.313,0.24909665,0.07796725145,0,0.24909665,0
2025-12-14T13:00:00.000+01:00,0.312,0.2483646,0.0774897552,0,0.2483646,0
2025-12-14T14:00:00.000+01:00,0.06,0.2501796,0.015010776,0.205,0.2501796,0.051286818
2025-12-14T15:00:00.000+01:00,0.59,0.254514425,0.15016351075,0.006,0.254514425,0.00152708655
2025-12-14T16:00:00.000+01:00,0.557,0.259106375,0.144322250875,0,0.259106375,0
2025-12-14T17:00:00.000+01:00,1.355,0.26826305,0.36349643275,0,0.26826305,0
2025-12-14T18:00:00.000+01:00,1.434,0.269808825,0.38690585505,0,0.269808825,0
2025-12-14T19:00:00.000+01:00,1.112,0.257811675,0.2866865826,0,0.257811675,0
2025-12-14T20:00:00.000+01:00,0.771,0.254574925,0.196277267175,0,0.254574925,0
2025-12-14T21:00:00.000+01:00,0.591,0.247333075,0.146173847325,0,0.247333075,0
2025-12-14T22:00:00.000+01:00,0.436,0.2453759,0.1069838924,0,0.2453759,0
2025-12-14T23:00:00.000+01:00,0.436,0.237701475,0.1036378431,0,0.237701475,0
2025-12-15T00:00:00.000+01:00,0.432,0.232335125,0.100368774,0,0.232335125,0
2025-12-15T01:00:00.000+01:00,0.431,0.2316666,0.0998483046,0,0.2316666,0
2025-12-15T02:00:00.000+01:00,0.489,0.2298153,0.1123796817,0,0.2298153,0
2025-12-15T03:00:00.000+01:00,0.838,0.226315375,0.18965228425,0,0.226315375,0
2025-12-15T04:00:00.000+01:00,0.609,0.228820075,0.139351425675,0,0.228820075,0
2025-12-15T05:00:00.000+01:00,0.437,0.2347884,0.1026025308,0,0.2347884,0
2025-12-15T06:00:00.000+01:00,0.491,0.24995575,0.12272827325,0,0.24995575,0
2025-12-15T07:00:00.000+01:00,0.522,0.25282345,0.1319738409,0,0.25282345,0
2025-12-15T08:00:00.000+01:00,0.524,0.26929155,0.1411087722,0,0.26929155,0
2025-12-15T09:00:00.000+01:00,1.197,0.264188375,0.316233484875,0,0.264188375,0
2025-12-15T10:00:00.000+01:00,0.874,0.253443575,0.22150968455,0,0.253443575,0
2025-12-15T11:00:00.000+01:00,0.641,0.242843975,0.155662987975,0,0.242843975,0
2025-12-15T12:00:00.000+01:00,1.102,0.241053175,0.26564059885,0,0.241053175,0
2025-12-15T13:00:00.000+01:00,0.949,0.250890475,0.238095060775,0,0.250890475,0
2025-12-15T14:00:00.000+01:00,0.806,0.258719175,0.20852765505,0.167,0.258719175,0.043206102225
2025-12-15T15:00:00.000+01:00,0.96,0.269947975,0.259150056,0.011,0.269947975,0.002969427725
2025-12-15T16:00:00.000+01:00,0.649,0.277816,0.180302584,0,0.277816,0
2025-12-15T17:00:00.000+01:00,0.817,0.272125975,0.222326921575,0,0.272125975,0
2025-12-15T18:00:00.000+01:00,0.582,0.265622225,0.15459213495,0,0.265622225,0
2025-12-15T19:00:00.000+01:00,0.748,0.256365725,0.1917615623,0,0.256365725,0
2025-12-15T20:00:00.000+01:00,1.266,0.24821335,0.3142381011,0,0.24821335,0
2025-12-15T21:00:00.000+01:00,8.136,0.248464425,2.0215065618,0,0.248464425,0
2025-12-15T22:00:00.000+01:00,0.516,0.249384025,0.1286821569,0,0.249384025,0
2025-12-15T23:00:00.000+01:00,0.633,0.244562175,0.154807856775,0,0.244562175,0
2025-12-16T00:00:00.000+01:00,0.693,0.24143735,0.16731608355,0,0.24143735,0
2025-12-16T01:00:00.000+01:00,0.684,0.2417943,0.1653873012,0,0.2417943,0
2025-12-16T02:00:00.000+01:00,0.524,0.24004585,0.1257840254,0,0.24004585,0
2025-12-16T03:00:00.000+01:00,0.442,0.241041075,0.10654015515,0,0.241041075,0
2025-12-16T04:00:00.000+01:00,0.429,0.243013375,0.104252737875,0,0.243013375,0
2025-12-16T05:00:00.000+01:00,0.467,0.244955425,0.114394183475,0,0.244955425,0
2025-12-16T06:00:00.000+01:00,0.437,0.252911175,0.110522183475,0,0.252911175,0
2025-12-16T07:00:00.000+01:00,0.485,0.25623565,0.12427429025,0,0.25623565,0
2025-12-16T08:00:00.000+01:00,0.704,0.268453625,0.188991352,0,0.268453625,0
2025-12-16T09:00:00.000+01:00,0.625,0.265241075,0.165775671875,0,0.265241075,0
2025-12-16T10:00:00.000+01:00,0.373,0.25940585,0.09675838205,0,0.25940585,0
2025-12-16T11:00:00.000+01:00,0.151,0.25730045,0.03885236795,0.021,0.25730045,0.00540330945
2025-12-16T12:00:00.000+01:00,0.011,0.25797805,0.00283775855,0.52,0.25797805,0.134148586
2025-12-16T13:00:00.000+01:00,0.057,0.2664662,0.0151885734,0.345,0.2664662,0.091930839
2025-12-16T14:00:00.000+01:00,0.087,0.2930741,0.0254974467,0.03,0.2930741,0.008792223
2025-12-16T15:00:00.000+01:00,0.227,0.3128334,0.0710131818,0.007,0.3128334,0.0021898338
2025-12-16T16:00:00.000+01:00,1.027,0.332244825,0.341215435275,0,0.332244825,0
2025-12-16T17:00:00.000+01:00,0.966,0.34135915,0.3297529389,0,0.34135915,0
2025-12-16T18:00:00.000+01:00,1.22,0.3170321,0.386779162,0,0.3170321,0
2025-12-16T19:00:00.000+01:00,0.795,0.31357755,0.24929415225,0,0.31357755,0
2025-12-16T20:00:00.000+01:00,0.535,0.300367375,0.160696545625,0,0.300367375,0
2025-12-16T21:00:00.000+01:00,0.55,0.288830025,0.15885651375,0,0.288830025,0
2025-12-16T22:00:00.000+01:00,3.078,0.2835151,0.8726594778,0,0.2835151,0
2025-12-16T23:00:00.000+01:00,0.45,0.2699147,0.121461615,0,0.2699147,0
2025-12-17T00:00:00.000+01:00,0.449,0.2533619,0.1137594931,0,0.2533619,0
2025-12-17T01:00:00.000+01:00,0.501,0.25388825,0.12719801325,0,0.25388825,0
2025-12-17T02:00:00.000+01:00,0.937,0.2505184,0.2347357408,0,0.2505184,0
2025-12-17T03:00:00.000+01:00,0.648,0.24748735,0.1603718028,0,0.24748735,0
2025-12-17T04:00:00.000+01:00,0.484,0.2489454,0.1204895736,0,0.2489454,0
2025-12-17T05:00:00.000+01:00,0.45,0.25367045,0.1141517025,0,0.25367045,0
2025-12-17T06:00:00.000+01:00,0.444,0.2580204,0.1145610576,0,0.2580204,0
2025-12-17T07:00:00.000+01:00,0.457,0.276403325,0.126316319525,0,0.276403325,0
2025-12-17T08:00:00.000+01:00,0.594,0.306774325,0.18222394905,0,0.306774325,0
2025-12-17T09:00:00.000+01:00,0.552,0.29764185,0.1642983012,0,0.29764185,0
2025-12-17T10:00:00.000+01:00,0.509,0.2934734,0.1493779606,0,0.2934734,0
2025-12-17T11:00:00.000+01:00,0.484,0.285635625,0.1382476425,0,0.285635625,0
2025-12-17T12:00:00.000+01:00,0.078,0.278605525,0.02173123095,0.375,0.278605525,0.104477071875
2025-12-17T13:00:00.000+01:00,0.33,0.289150675,0.09541972275,0.557,0.289150675,0.161056925975
2025-12-17T14:00:00.000+01:00,1.232,0.29644395,0.3652189464,0,0.29644395,0
2025-12-17T15:00:00.000+01:00,0.427,0.294414175,0.125714852725,0,0.294414175,0
2025-12-17T16:00:00.000+01:00,0.319,0.2970187,0.0947489653,0,0.2970187,0
2025-12-17T17:00:00.000+01:00,1.043,0.28857895,0.30098784485,0,0.28857895,0
2025-12-17T18:00:00.000+01:00,0.517,0.271164025,0.140191800925,0,0.271164025,0
2025-12-17T19:00:00.000+01:00,0.338,0.255567125,0.08638168825,0,0.255567125,0
2025-12-17T20:00:00.000+01:00,0.303,0.2503974,0.0758704122,0,0.2503974,0
2025-12-17T21:00:00.000+01:00,0.354,0.25518295,0.0903347643,0,0.25518295,0
2025-12-17T22:00:00.000+01:00,0.28,0.245366825,0.068702711,0,0.245366825,0
2025-12-17T23:00:00.000+01:00,0.326,0.240357425,0.07835652055,0,0.240357425,0
2025-12-18T00:00:00.000+01:00,0.864,0.234422375,0.202540932,0,0.234422375,0
2025-12-18T01:00:00.000+01:00,0.782,0.226145975,0.17684615245,0,0.226145975,0
2025-12-18T02:00:00.000+01:00,0.673,0.21370415,0.14382289295,0,0.21370415,0
2025-12-18T03:00:00.000+01:00,0.99,0.199138775,0.19714738725,0,0.199138775,0
2025-12-18T04:00:00.000+01:00,1.137,0.19225085,0.21858921645,0,0.19225085,0
2025-12-18T05:00:00.000+01:00,0.863,0.2014771,0.1738747373,0,0.2014771,0
2025-12-18T06:00:00.000+01:00,0.44,0.217839325,0.095849303,0,0.217839325,0
2025-12-18T07:00:00.000+01:00,0.44,0.2436819,0.107220036,0,0.2436819,0
2025-12-18T08:00:00.000+01:00,0.529,0.254599125,0.134682937125,0,0.254599125,0
2025-12-18T09:00:00.000+01:00,1.463,0.25852255,0.37821849065,0,0.25852255,0
2025-12-18T10:00:00.000+01:00,0.696,0.2614084,0.1819402464,0,0.2614084,0
2025-12-18T11:00:00.000+01:00,0.337,0.26255185,0.08847997345,0,0.26255185,0
2025-12-18T12:00:00.000+01:00,0.443,0.2520672,0.1116657696,0,0.2520672,0
2025-12-18T13:00:00.000+01:00,0.212,0.2536886,0.0537819832,0,0.2536886,0
2025-12-18T14:00:00.000+01:00,0.254,0.26042225,0.0661472515,0.075,0.26042225,0.01953166875
2025-12-18T15:00:00.000+01:00,0.459,0.26678685,0.12245516415,0,0.26678685,0
2025-12-18T16:00:00.000+01:00,0.529,0.262046675,0.138622691075,0,0.262046675,0
2025-12-18T17:00:00.000+01:00,1.149,0.25815955,0.29662532295,0,0.25815955,0
2025-12-18T18:00:00.000+01:00,0.729,0.246951925,0.180027953325,0,0.246951925,0
2025-12-18T19:00:00.000+01:00,0.793,0.2462834,0.1953027362,0,0.2462834,0
2025-12-18T20:00:00.000+01:00,0.801,0.2351756,0.1883756556,0,0.2351756,0
2025-12-18T21:00:00.000+01:00,0.539,0.21215535,0.11435173365,0,0.21215535,0
2025-12-18T22:00:00.000+01:00,0.417,0.2070431,0.0863369727,0,0.2070431,0
2025-12-18T23:00:00.000+01:00,0.196,0.169251775,0.0331733479,0,0.169251775,0
2025-12-19T00:00:00.000+01:00,0.163,0.15684625,0.02556593875,0,0.15684625,0
2025-12-19T01:00:00.000+01:00,0.852,0.1530045,0.130359834,0,0.1530045,0
2025-12-19T02:00:00.000+01:00,1.011,0.152898625,0.154580509875,0,0.152898625,0
2025-12-19T03:00:00.000+01:00,0.598,0.150762975,0.09015625905,0,0.150762975,0
2025-12-19T04:00:00.000+01:00,0.337,0.151129,0.050930473,0,0.151129,0
2025-12-19T05:00:00.000+01:00,0.173,0.158779225,0.027468805925,0,0.158779225,0
2025-12-19T06:00:00.000+01:00,1.796,0.194601275,0.3495038899,0,0.194601275,0
2025-12-19T07:00:00.000+01:00,0.217,0.238742075,0.051807030275,0,0.238742075,0
2025-12-19T08:00:00.000+01:00,0.221,0.2558787,0.0565491927,0,0.2558787,0
2025-12-19T09:00:00.000+01:00,0.493,0.25582425,0.12612135525,0,0.25582425,0
2025-12-19T10:00:00.000+01:00,0.192,0.255857525,0.0491246448,0.006,0.255857525,0.00153514515
2025-12-19T11:00:00.000+01:00,0.076,0.2535313,0.0192683788,0.19,0.2535313,0.048170947
2025-12-19T12:00:00.000+01:00,0.02,0.2495383,0.004990766,0.812,0.2495383,0.2026250996
2025-12-19T13:00:00.000+01:00,0.03,0.2518131,0.007554393,0.651,0.2518131,0.1639303281
2025-12-19T14:00:00.000+01:00,0.017,0.25757875,0.00437883875,0.239,0.25757875,0.06156132125
2025-12-19T15:00:00.000+01:00,0.407,0.262086,0.106669002,0.033,0.262086,0.008648838
2025-12-19T16:00:00.000+01:00,1.38,0.264091575,0.3644463735,0,0.264091575,0
2025-12-19T17:00:00.000+01:00,1.23,0.2735931,0.336519513,0,0.2735931,0
2025-12-19T18:00:00.000+01:00,1.488,0.274969475,0.4091545788,0,0.274969475,0
2025-12-19T19:00:00.000+01:00,0.947,0.272265125,0.257835073375,0,0.272265125,0
2025-12-19T20:00:00.000+01:00,5.039,0.268508075,1.353012189925,0,0.268508075,0
2025-12-19T21:00:00.000+01:00,1.444,0.2626184,0.3792209696,0,0.2626184,0
2025-12-19T22:00:00.000+01:00,0.962,0.261072625,0.25115186525,0,0.261072625,0
2025-12-19T23:00:00.000+01:00,3.81,0.25662285,0.9777330585,0,0.25662285,0
2025-12-20T00:00:00.000+01:00,4.337,0.249123875,1.080450245875,0,0.249123875,0
2025-12-20T01:00:00.000+01:00,0.817,0.248295025,0.202857035425,0,0.248295025,0
2025-12-20T02:00:00.000+01:00,0.751,0.2490906,0.1870670406,0,0.2490906,0
2025-12-20T03:00:00.000+01:00,1.146,0.249940625,0.28643195625,0,0.249940625,0
2025-12-20T04:00:00.000+01:00,0.907,0.249898275,0.226657735425,0,0.249898275,0
2025-12-20T05:00:00.000+01:00,0.682,0.251616475,0.17160243595,0,0.251616475,0
2025-12-20T06:00:00.000+01:00,0.714,0.258089975,0.18427624215,0,0.258089975,0
2025-12-20T07:00:00.000+01:00,0.729,0.267564275,0.195054356475,0,0.267564275,0
2025-12-20T08:00:00.000+01:00,0.747,0.273947025,0.204638427675,0,0.273947025,0
2025-12-20T09:00:00.000+01:00,0.574,0.2801997,0.1608346278,0,0.2801997,0
2025-12-20T10:00:00.000+01:00,0.264,0.27701135,0.0731309964,0,0.27701135,0
2025-12-20T11:00:00.000+01:00,0.241,0.273511425,0.065916253425,0.015,0.273511425,0.004102671375
2025-12-20T12:00:00.000+01:00,0.551,0.272416375,0.150101422625,0.026,0.272416375,0.00708282575
2025-12-20T13:00:00.000+01:00,0.281,0.274912,0.077250272,0.028,0.274912,0.007697536
2025-12-20T14:00:00.000+01:00,0.871,0.27954025,0.24347955775,0.004,0.27954025,0.001118161
2025-12-20T15:00:00.000+01:00,1.779,0.2815307,0.5008431153,0,0.2815307,0
2025-12-20T16:00:00.000+01:00,1.698,0.28327915,0.4810079967,0,0.28327915,0
2025-12-20T17:00:00.000+01:00,1.478,0.28713905,0.4243915159,0,0.28713905,0
2025-12-20T18:00:00.000+01:00,1.1,0.282005625,0.3102061875,0,0.282005625,0
2025-12-20T19:00:00.000+01:00,0.864,0.266874575,0.2305796328,0,0.266874575,0
2025-12-20T20:00:00.000+01:00,5.659,0.259112425,1.466317213075,0,0.259112425,0
2025-12-20T21:00:00.000+01:00,5.097,0.255077075,1.300127851275,0,0.255077075,0
2025-12-20T22:00:00.000+01:00,0.701,0.255470325,0.179084697825,0,0.255470325,0
2025-12-20T23:00:00.000+01:00,0.47,0.252572375,0.11870901625,0,0.252572375,0
2025-12-21T00:00:00.000+01:00,0.446,0.254841125,0.11365914175,0,0.254841125,0
2025-12-21T01:00:00.000+01:00,0.44,0.249989025,0.109995171,0,0.249989025,0
2025-12-21T02:00:00.000+01:00,0.434,0.2453517,0.1064826378,0,0.2453517,0
2025-12-21T03:00:00.000+01:00,0.429,0.24342175,0.10442793075,0,0.24342175,0
2025-12-21T04:00:00.000+01:00,0.437,0.243418725,0.106373982825,0,0.243418725,0
2025-12-21T05:00:00.000+01:00,0.442,0.244320175,0.10798951735,0,0.244320175,0
2025-12-21T06:00:00.000+01:00,0.436,0.246782525,0.1075971809,0,0.246782525,0
2025-12-21T07:00:00.000+01:00,0.44,0.252687325,0.111182423,0,0.252687325,0
2025-12-21T08:00:00.000+01:00,0.461,0.264321475,0.121852199975,0,0.264321475,0
2025-12-21T09:00:00.000+01:00,0.839,0.269524475,0.226131034525,0,0.269524475,0
2025-12-21T10:00:00.000+01:00,0.565,0.2646633,0.1495347645,0,0.2646633,0
2025-12-21T11:00:00.000+01:00,0.632,0.263147775,0.1663093938,0.002,0.263147775,0.00052629555
2025-12-21T12:00:00.000+01:00,0.093,0.260770125,0.024251621625,0.87,0.260770125,0.22687000875
2025-12-21T13:00:00.000+01:00,0.075,0.256147925,0.019211094375,1.584,0.256147925,0.4057383132
2025-12-21T14:00:00.000+01:00,0.122,0.260001775,0.03172021655,0.722,0.260001775,0.18772128155
2025-12-21T15:00:00.000+01:00,0.799,0.262391525,0.209650828475,0,0.262391525,0
2025-12-21T16:00:00.000+01:00,1.141,0.259596425,0.296199520925,0,0.259596425,0
2025-12-21T17:00:00.000+01:00,2.119,0.26015605,0.55127066995,0,0.26015605,0
2025-12-21T18:00:00.000+01:00,0.655,0.256051125,0.167713486875,0,0.256051125,0
2025-12-21T19:00:00.000+01:00,0.298,0.2505184,0.0746544832,0,0.2505184,0
2025-12-21T20:00:00.000+01:00,0.526,0.24647095,0.1296437197,0,0.24647095,0
2025-12-21T21:00:00.000+01:00,0.398,0.241839675,0.09625219065,0,0.241839675,0
2025-12-21T22:00:00.000+01:00,0.326,0.239619325,0.07811589995,0,0.239619325,0
2025-12-21T23:00:00.000+01:00,0.302,0.23346345,0.0705059619,0,0.23346345,0
2025-12-22T00:00:00.000+01:00,0.93,0.232643675,0.21635861775,0,0.232643675,0
2025-12-22T01:00:00.000+01:00,0.995,0.23094665,0.22979191675,0,0.23094665,0
2025-12-22T02:00:00.000+01:00,0.909,0.22968825,0.20878661925,0,0.22968825,0
2025-12-22T03:00:00.000+01:00,0.71,0.2278551,0.161777121,0,0.2278551,0
2025-12-22T04:00:00.000+01:00,0.674,0.226902225,0.15293209965,0,0.226902225,0
2025-12-22T05:00:00.000+01:00,0.691,0.23042635,0.15922460785,0,0.23042635,0
2025-12-22T06:00:00.000+01:00,0.67,0.2382732,0.159643044,0,0.2382732,0
2025-12-22T07:00:00.000+01:00,0.67,0.255379575,0.17110431525,0,0.255379575,0
2025-12-22T08:00:00.000+01:00,0.876,0.2591941,0.2270540316,0,0.2591941,0
2025-12-22T09:00:00.000+01:00,0.518,0.257811675,0.13354644765,0,0.257811675,0
2025-12-22T10:00:00.000+01:00,0.099,0.255294875,0.025274192625,0.028,0.255294875,0.0071482565
2025-12-22T11:00:00.000+01:00,0.026,0.250412525,0.00651072565,0.94,0.250412525,0.2353877735
2025-12-22T12:00:00.000+01:00,0.025,0.252808325,0.006320208125,1.095,0.252808325,0.276825115875
2025-12-22T13:00:00.000+01:00,0.063,0.2552979,0.0160837677,0.055,0.2552979,0.0140413845
2025-12-22T14:00:00.000+01:00,0.375,0.259100325,0.097162621875,0.032,0.259100325,0.0082912104
2025-12-22T15:00:00.000+01:00,1.715,0.2662605,0.4566367575,0,0.2662605,0
2025-12-22T16:00:00.000+01:00,1.07,0.268677475,0.28748489825,0,0.268677475,0
2025-12-22T17:00:00.000+01:00,1.665,0.276548525,0.460453294125,0,0.276548525,0
2025-12-22T18:00:00.000+01:00,0.641,0.2708101,0.1735892741,0,0.2708101,0
2025-12-22T19:00:00.000+01:00,0.64,0.262954175,0.168290672,0,0.262954175,0
2025-12-22T20:00:00.000+01:00,0.611,0.25566695,0.15621250645,0,0.25566695,0
2025-12-22T21:00:00.000+01:00,0.69,0.250394375,0.17277211875,0,0.250394375,0
2025-12-22T22:00:00.000+01:00,0.682,0.2502764,0.1706885048,0,0.2502764,0
2025-12-22T23:00:00.000+01:00,0.48,0.242396275,0.116350212,0,0.242396275,0
2025-12-23T00:00:00.000+01:00,0.437,0.244017675,0.106635723975,0,0.244017675,0
2025-12-23T01:00:00.000+01:00,0.437,0.2374625,0.1037711125,0,0.2374625,0
2025-12-23T02:00:00.000+01:00,2.946,0.2249995,0.662848527,0,0.2249995,0
2025-12-23T03:00:00.000+01:00,0.814,0.219847925,0.17895621095,0,0.219847925,0
2025-12-23T04:00:00.000+01:00,0.499,0.218135775,0.108849751725,0,0.218135775,0
2025-12-23T05:00:00.000+01:00,0.52,0.21858045,0.113661834,0,0.21858045,0
2025-12-23T06:00:00.000+01:00,0.529,0.230384,0.121873136,0,0.230384,0
2025-12-23T07:00:00.000+01:00,0.665,0.244888875,0.162851101875,0,0.244888875,0
2025-12-23T08:00:00.000+01:00,0.66,0.2541484,0.167737944,0,0.2541484,0
2025-12-23T09:00:00.000+01:00,0.659,0.2594361,0.1709683899,0,0.2594361,0
2025-12-23T10:00:00.000+01:00,0.646,0.256450425,0.16566697455,0,0.256450425,0
2025-12-23T11:00:00.000+01:00,1.394,0.2474934,0.3450057996,0,0.2474934,0
2025-12-23T12:00:00.000+01:00,2.342,0.246268275,0.57676030005,0,0.246268275,0
2025-12-23T13:00:00.000+01:00,1.738,0.244241525,0.42449177045,0,0.244241525,0
2025-12-23T14:00:00.000+01:00,1.501,0.244289925,0.366679177425,0,0.244289925,0
2025-12-23T15:00:00.000+01:00,1.137,0.247478275,0.281382798675,0,0.247478275,0
2025-12-23T16:00:00.000+01:00,1.845,0.2553584,0.471136248,0,0.2553584,0
2025-12-23T17:00:00.000+01:00,1.404,0.2564474,0.3600521496,0,0.2564474,0
2025-12-23T18:00:00.000+01:00,0.833,0.249256975,0.207631060175,0,0.249256975,0
2025-12-23T19:00:00.000+01:00,0.79,0.2475176,0.195538904,0,0.2475176,0
2025-12-23T20:00:00.000+01:00,0.722,0.24205445,0.1747633129,0,0.24205445,0
2025-12-23T21:00:00.000+01:00,0.721,0.2322837,0.1674765477,0,0.2322837,0
2025-12-23T22:00:00.000+01:00,0.651,0.2340745,0.1523824995,0,0.2340745,0
2025-12-23T23:00:00.000+01:00,0.716,0.22498135,0.1610866466,0,0.22498135,0
2025-12-24T00:00:00.000+01:00,0.656,0.218656075,0.1434383852,0,0.218656075,0
2025-12-24T01:00:00.000+01:00,0.661,0.2119436,0.1400947196,0,0.2119436,0
2025-12-24T02:00:00.000+01:00,0.782,0.21071545,0.1647794819,0,0.21071545,0
2025-12-24T03:00:00.000+01:00,0.932,0.2083499,0.1941821068,0,0.2083499,0
2025-12-24T04:00:00.000+01:00,0.917,0.20733955,0.19013036735,0,0.20733955,0
2025-12-24T05:00:00.000+01:00,0.848,0.20754525,0.175998372,0,0.20754525,0
2025-12-24T06:00:00.000+01:00,0.846,0.211795375,0.17917888725,0,0.211795375,0
2025-12-24T07:00:00.000+01:00,1.284,0.22812735,0.2929155174,0,0.22812735,0
2025-12-24T08:00:00.000+01:00,1.357,0.2456784,0.3333855888,0,0.2456784,0
2025-12-24T09:00:00.000+01:00,0.402,0.2474571,0.0994777542,0.139,0.2474571,0.0343965369
2025-12-24T10:00:00.000+01:00,0.053,0.2377287,0.0125996211,1.326,0.2377287,0.3152282562
2025-12-24T11:00:00.000+01:00,0.431,0.2237169,0.0964219839,1.358,0.2237169,0.3038075502
2025-12-24T12:00:00.000+01:00,0.088,0.221771825,0.0195159206,2.463,0.221771825,0.546224004975
2025-12-24T13:00:00.000+01:00,0.01,0.221045825,0.00221045825,2.438,0.221045825,0.53890972135
2025-12-24T14:00:00.000+01:00,0.125,0.22731665,0.02841458125,0.873,0.22731665,0.19844743545
2025-12-24T15:00:00.000+01:00,0.935,0.239401525,0.223840425875,0,0.239401525,0
2025-12-24T16:00:00.000+01:00,1.335,0.251925025,0.336319908375,0,0.251925025,0
2025-12-24T17:00:00.000+01:00,0.978,0.255506625,0.24988547925,0,0.255506625,0
2025-12-24T18:00:00.000+01:00,1.095,0.243146475,0.266245390125,0,0.243146475,0
2025-12-24T19:00:00.000+01:00,0.939,0.234513125,0.220207824375,0,0.234513125,0
2025-12-24T20:00:00.000+01:00,1.076,0.230138975,0.2476295371,0,0.230138975,0
2025-12-24T21:00:00.000+01:00,0.863,0.2264394,0.1954172022,0,0.2264394,0
2025-12-24T22:00:00.000+01:00,0.758,0.2289804,0.1735671432,0,0.2289804,0
2025-12-24T23:00:00.000+01:00,0.817,0.222770075,0.182003151275,0,0.222770075,0
2025-12-25T00:00:00.000+01:00,0.859,0.218081325,0.187331858175,0,0.218081325,0
2025-12-25T01:00:00.000+01:00,0.885,0.2111813,0.1868954505,0,0.2111813,0
2025-12-25T02:00:00.000+01:00,0.924,0.211099625,0.1950560535,0,0.211099625,0
2025-12-25T03:00:00.000+01:00,0.882,0.20756945,0.1830762549,0,0.20756945,0
2025-12-25T04:00:00.000+01:00,1.385,0.205811925,0.285049516125,0,0.205811925,0
2025-12-25T05:00:00.000+01:00,1.194,0.204408325,0.24406354005,0,0.204408325,0
2025-12-25T06:00:00.000+01:00,1.01,0.2021184,0.204139584,0,0.2021184,0
2025-12-25T07:00:00.000+01:00,1.027,0.2091969,0.2148452163,0,0.2091969,0
2025-12-25T08:00:00.000+01:00,1.164,0.221057925,0.2573114247,0,0.221057925,0
2025-12-25T09:00:00.000+01:00,0.186,0.22479985,0.0418127721,0.069,0.22479985,0.01551118965
2025-12-25T10:00:00.000+01:00,0.012,0.2088702,0.0025064424,0.804,0.2088702,0.1679316408
2025-12-25T11:00:00.000+01:00,0.004,0.2015618,0.0008062472,1.965,0.2015618,0.396068937
2025-12-25T12:00:00.000+01:00,0,0.202079075,0,3.162,0.202079075,0.63897403515
2025-12-25T13:00:00.000+01:00,0,0.2011383,0,3.113,0.2011383,0.6261435279
2025-12-25T14:00:00.000+01:00,0.006,0.222261875,0.00133357125,1.326,0.222261875,0.29471924625
2025-12-25T15:00:00.000+01:00,0.102,0.248101425,0.02530634535,0.001,0.248101425,0.000248101425
2025-12-25T16:00:00.000+01:00,0.556,0.25517085,0.1418749926,0,0.25517085,0
2025-12-25T17:00:00.000+01:00,0.763,0.26109985,0.19921918555,0,0.26109985,0
2025-12-25T18:00:00.000+01:00,0.943,0.26172905,0.24681049415,0,0.26172905,0
2025-12-25T19:00:00.000+01:00,0.885,0.259154775,0.229351975875,0,0.259154775,0
2025-12-25T20:00:00.000+01:00,0.907,0.2580083,0.2340135281,0,0.2580083,0
2025-12-25T21:00:00.000+01:00,0.946,0.258930925,0.24494865505,0,0.258930925,0
2025-12-25T22:00:00.000+01:00,1.003,0.262675875,0.263463902625,0,0.262675875,0
2025-12-25T23:00:00.000+01:00,0.928,0.257757225,0.2391987048,0,0.257757225,0
2025-12-26T00:00:00.000+01:00,0.915,0.2651594,0.242620851,0,0.2651594,0
2025-12-26T01:00:00.000+01:00,0.965,0.257841925,0.248817457625,0,0.257841925,0
2025-12-26T02:00:00.000+01:00,0.954,0.251368425,0.23980547745,0,0.251368425,0
2025-12-26T03:00:00.000+01:00,0.962,0.247683975,0.23827198395,0,0.247683975,0
2025-12-26T04:00:00.000+01:00,0.968,0.2456784,0.2378166912,0,0.2456784,0
2025-12-26T05:00:00.000+01:00,0.989,0.24628945,0.24358026605,0,0.24628945,0
2025-12-26T06:00:00.000+01:00,0.946,0.250176575,0.23666703995,0,0.250176575,0
2025-12-26T07:00:00.000+01:00,1.124,0.259941275,0.2921739931,0,0.259941275,0
2025-12-26T08:00:00.000+01:00,1.053,0.26638755,0.28050609015,0,0.26638755,0
2025-12-26T09:00:00.000+01:00,0.505,0.264176275,0.133409018875,0.077,0.264176275,0.020341573175
2025-12-26T10:00:00.000+01:00,0.144,0.2556609,0.0368151696,0.862,0.2556609,0.2203796958
2025-12-26T11:00:00.000+01:00,0.032,0.250509325,0.0080162984,1.812,0.250509325,0.4539228969
2025-12-26T12:00:00.000+01:00,0,0.247266525,0,3.014,0.247266525,0.74526130635
2025-12-26T13:00:00.000+01:00,0,0.247798925,0,2.751,0.247798925,0.681694842675
2025-12-26T14:00:00.000+01:00,0.12,0.257351875,0.030882225,1.105,0.257351875,0.284373821875
2025-12-26T15:00:00.000+01:00,0.613,0.275054175,0.168608209275,0,0.275054175,0
2025-12-26T16:00:00.000+01:00,1.204,0.2836119,0.3414687276,0,0.2836119,0
2025-12-26T17:00:00.000+01:00,1.974,0.2887423,0.5699773002,0,0.2887423,0
2025-12-26T18:00:00.000+01:00,1.246,0.286113575,0.35649751445,0,0.286113575,0
2025-12-26T19:00:00.000+01:00,0.798,0.285321025,0.22768617795,0,0.285321025,0
2025-12-26T20:00:00.000+01:00,0.912,0.28160935,0.2568277272,0,0.28160935,0
2025-12-26T21:00:00.000+01:00,0.836,0.27915305,0.2333719498,0,0.27915305,0
2025-12-26T22:00:00.000+01:00,0.79,0.276239975,0.21822958025,0,0.276239975,0
2025-12-26T23:00:00.000+01:00,0.796,0.266420825,0.2120709767,0,0.266420825,0
2025-12-27T00:00:00.000+01:00,0.769,0.263801175,0.202863103575,0,0.263801175,0
2025-12-27T01:00:00.000+01:00,0.718,0.257972,0.185223896,0,0.257972,0
2025-12-27T02:00:00.000+01:00,1.211,0.249347725,0.301960094975,0,0.249347725,0
2025-12-27T03:00:00.000+01:00,0.95,0.2455211,0.233245045,0,0.2455211,0
2025-12-27T04:00:00.000+01:00,0.74,0.246431625,0.1823594025,0,0.246431625,0
2025-12-27T05:00:00.000+01:00,0.706,0.245645125,0.17342545825,0,0.245645125,0
2025-12-27T06:00:00.000+01:00,0.735,0.25056075,0.18416215125,0,0.25056075,0
2025-12-27T07:00:00.000+01:00,0.777,0.262929975,0.204296590575,0,0.262929975,0
2025-12-27T08:00:00.000+01:00,1,0.268514125,0.268514125,0,0.268514125,0
2025-12-27T09:00:00.000+01:00,1.272,0.260134875,0.330891561,0,0.260134875,0
2025-12-27T10:00:00.000+01:00,0.833,0.244023725,0.203271762925,0,0.244023725,0
2025-12-27T11:00:00.000+01:00,1.092,0.23804935,0.2599498902,0,0.23804935,0
2025-12-27T12:00:00.000+01:00,0.887,0.2374141,0.2105863067,0.001,0.2374141,0.0002374141
2025-12-27T13:00:00.000+01:00,0.337,0.246050475,0.082919010075,0,0.246050475,0
2025-12-27T14:00:00.000+01:00,0.299,0.25241205,0.07547120295,0.001,0.25241205,0.00025241205
2025-12-27T15:00:00.000+01:00,0.503,0.2576695,0.1296077585,0,0.2576695,0
2025-12-27T16:00:00.000+01:00,0.597,0.2685474,0.1603227978,0,0.2685474,0
2025-12-27T17:00:00.000+01:00,7.653,0.273136325,2.090312295225,0,0.273136325,0
2025-12-27T18:00:00.000+01:00,3.141,0.276560625,0.868676923125,0,0.276560625,0
2025-12-27T19:00:00.000+01:00,3.473,0.273565875,0.950094283875,0,0.273565875,0
2025-12-27T20:00:00.000+01:00,11.182,0.269772525,3.01659637455,0,0.269772525,0
2025-12-27T21:00:00.000+01:00,5.932,0.2599564,1.5420613648,0,0.2599564,0
2025-12-27T22:00:00.000+01:00,3.04,0.261544525,0.795095356,0,0.261544525,0
2025-12-27T23:00:00.000+01:00,0.487,0.2564474,0.1248898838,0,0.2564474,0
2025-12-28T00:00:00.000+01:00,0.445,0.2499376,0.111222232,0,0.2499376,0
2025-12-28T01:00:00.000+01:00,0.447,0.248676175,0.111158250225,0,0.248676175,0
2025-12-28T02:00:00.000+01:00,0.431,0.244057,0.105188567,0,0.244057,0
2025-12-28T03:00:00.000+01:00,0.949,0.24183665,0.22950298085,0,0.24183665,0
2025-12-28T04:00:00.000+01:00,1.372,0.24273205,0.3330283726,0,0.24273205,0
2025-12-28T05:00:00.000+01:00,0.907,0.246268275,0.223365325425,0,0.246268275,0
2025-12-28T06:00:00.000+01:00,0.531,0.2498892,0.1326911652,0,0.2498892,0
2025-12-28T07:00:00.000+01:00,0.581,0.25569115,0.14855655815,0,0.25569115,0
2025-12-28T08:00:00.000+01:00,0.723,0.2626184,0.1898731032,0,0.2626184,0
2025-12-28T09:00:00.000+01:00,0.547,0.2619166,0.1432683802,0,0.2619166,0
2025-12-28T10:00:00.000+01:00,0.139,0.25512245,0.03546202055,0.616,0.25512245,0.1571554292
2025-12-28T11:00:00.000+01:00,0,0.254593075,0,2.287,0.254593075,0.582254362525
2025-12-28T12:00:00.000+01:00,0,0.244495625,0,2.87,0.244495625,0.70170244375
2025-12-28T13:00:00.000+01:00,0,0.24449865,0,2.837,0.24449865,0.69364267005
2025-12-28T14:00:00.000+01:00,0.158,0.251320025,0.03970856395,1.183,0.251320025,0.297311589575
2025-12-28T15:00:00.000+01:00,0.209,0.266662825,0.055732530425,0.004,0.266662825,0.0010666513
2025-12-28T16:00:00.000+01:00,0.565,0.2786146,0.157417249,0,0.2786146,0
2025-12-28T17:00:00.000+01:00,1.266,0.282713475,0.35791525935,0,0.282713475,0
2025-12-28T18:00:00.000+01:00,0.613,0.2868184,0.1758196792,0,0.2868184,0
2025-12-28T19:00:00.000+01:00,0.819,0.285381525,0.233727468975,0,0.285381525,0
2025-12-28T20:00:00.000+01:00,0.7,0.2747305,0.19231135,0,0.2747305,0
2025-12-28T21:00:00.000+01:00,0.656,0.267491675,0.1754745388,0,0.267491675,0
2025-12-28T22:00:00.000+01:00,0.718,0.266590225,0.19141178155,0,0.266590225,0
2025-12-28T23:00:00.000+01:00,1.182,0.2663331,0.3148057242,0,0.2663331,0
2025-12-29T00:00:00.000+01:00,1.051,0.2596297,0.2728708147,0,0.2596297,0
2025-12-29T01:00:00.000+01:00,0.663,0.261592925,0.173436109275,0,0.261592925,0
2025-12-29T02:00:00.000+01:00,0.778,0.251991575,0.19604944535,0,0.251991575,0
2025-12-29T03:00:00.000+01:00,0.677,0.2471183,0.1672990891,0,0.2471183,0
2025-12-29T04:00:00.000+01:00,0.634,0.248869775,0.15778343735,0,0.248869775,0
2025-12-29T05:00:00.000+01:00,0.44,0.257527325,0.113312023,0,0.257527325,0
2025-12-29T06:00:00.000+01:00,0.437,0.264230725,0.115468826825,0,0.264230725,0
2025-12-29T07:00:00.000+01:00,0.43,0.274340275,0.11796631825,0,0.274340275,0
2025-12-29T08:00:00.000+01:00,0.693,0.285460175,0.197823901275,0,0.285460175,0
2025-12-29T09:00:00.000+01:00,0.624,0.28197235,0.1759507464,0,0.28197235,0
2025-12-29T10:00:00.000+01:00,0.399,0.2735084,0.1091298516,0,0.2735084,0
2025-12-29T11:00:00.000+01:00,0.721,0.26548005,0.19141111605,0,0.26548005,0
2025-12-29T12:00:00.000+01:00,0.905,0.264763125,0.239610628125,0,0.264763125,0
2025-12-29T13:00:00.000+01:00,0.846,0.263335325,0.22278168495,0,0.263335325,0
2025-12-29T14:00:00.000+01:00,0.919,0.2639978,0.2426139782,0.002,0.2639978,0.0005279956
2025-12-29T15:00:00.000+01:00,0.447,0.27162685,0.12141720195,0.001,0.27162685,0.00027162685
2025-12-29T16:00:00.000+01:00,0.745,0.277135375,0.206465854375,0,0.277135375,0
2025-12-29T17:00:00.000+01:00,1.483,0.2769811,0.4107629713,0,0.2769811,0
2025-12-29T18:00:00.000+01:00,0.601,0.27372015,0.16450581015,0,0.27372015,0
2025-12-29T19:00:00.000+01:00,0.75,0.2644334,0.19832505,0,0.2644334,0
2025-12-29T20:00:00.000+01:00,0.55,0.258168625,0.14199274375,0,0.258168625,0
2025-12-29T21:00:00.000+01:00,0.617,0.2495383,0.1539651311,0,0.2495383,0
2025-12-29T22:00:00.000+01:00,0.648,0.2543904,0.1648449792,0,0.2543904,0
2025-12-29T23:00:00.000+01:00,0.572,0.2485703,0.1421822116,0,0.2485703,0
2025-12-30T00:00:00.000+01:00,0.569,0.242021175,0.137710048575,0,0.242021175,0
2025-12-30T01:00:00.000+01:00,0.987,0.2364824,0.2334081288,0,0.2364824,0
2025-12-30T02:00:00.000+01:00,0.696,0.235009225,0.1635664206,0,0.235009225,0
2025-12-30T03:00:00.000+01:00,0.763,0.231832975,0.176888559925,0,0.231832975,0
2025-12-30T04:00:00.000+01:00,0.634,0.23097085,0.1464355189,0,0.23097085,0
2025-12-30T05:00:00.000+01:00,0.564,0.23514535,0.1326219774,0,0.23514535,0
2025-12-30T06:00:00.000+01:00,0.602,0.244701325,0.14731019765,0,0.244701325,0
2025-12-30T07:00:00.000+01:00,0.687,0.2542331,0.1746581397,0,0.2542331,0
2025-12-30T08:00:00.000+01:00,1.63,0.262470175,0.42782638525,0,0.262470175,0
2025-12-30T09:00:00.000+01:00,0.388,0.261883325,0.1016107301,0.063,0.261883325,0.016498649475
2025-12-30T10:00:00.000+01:00,0.014,0.2515106,0.0035211484,0.937,0.2515106,0.2356654322
2025-12-30T11:00:00.000+01:00,0.157,0.2437182,0.0382637574,0.849,0.2437182,0.2069167518
2025-12-30T12:00:00.000+01:00,0.106,0.23981595,0.0254204907,1.435,0.23981595,0.34413588825
2025-12-30T13:00:00.000+01:00,0.011,0.2398825,0.0026387075,1.835,0.2398825,0.4401843875
2025-12-30T14:00:00.000+01:00,0.007,0.2523697,0.0017665879,1.141,0.2523697,0.2879538277
2025-12-30T15:00:00.000+01:00,0.05,0.266684,0.0133342,0.071,0.266684,0.018934564
2025-12-30T16:00:00.000+01:00,0.46,0.275804375,0.1268700125,0,0.275804375,0
2025-12-30T17:00:00.000+01:00,0.546,0.279652175,0.15269008755,0,0.279652175,0
2025-12-30T18:00:00.000+01:00,0.554,0.2789534,0.1545401836,0,0.2789534,0
2025-12-30T19:00:00.000+01:00,0.538,0.275495825,0.14821675385,0,0.275495825,0
2025-12-30T20:00:00.000+01:00,0.901,0.26944885,0.24277341385,0,0.26944885,0
2025-12-30T21:00:00.000+01:00,1.091,0.26019235,0.28386985385,0,0.26019235,0
2025-12-30T22:00:00.000+01:00,0.819,0.259061,0.212170959,0,0.259061,0
2025-12-30T23:00:00.000+01:00,0.657,0.251495475,0.165232527075,0,0.251495475,0
2025-12-31T00:00:00.000+01:00,0.605,0.254272425,0.153834817125,0,0.254272425,0
2025-12-31T01:00:00.000+01:00,0.638,0.249740975,0.15933474205,0,0.249740975,0
2025-12-31T02:00:00.000+01:00,0.597,0.244725525,0.146101138425,0,0.244725525,0
2025-12-31T03:00:00.000+01:00,0.563,0.2403302,0.1353059026,0,0.2403302,0
2025-12-31T04:00:00.000+01:00,1.261,0.238336725,0.300542610225,0,0.238336725,0
2025-12-31T05:00:00.000+01:00,0.859,0.241295175,0.207272555325,0,0.241295175,0
2025-12-31T06:00:00.000+01:00,0.728,0.2469005,0.179743564,0,0.2469005,0
2025-12-31T07:00:00.000+01:00,0.764,0.250908625,0.1916941895,0,0.250908625,0
2025-12-31T08:00:00.000+01:00,0.632,0.26359245,0.1665904284,0,0.26359245,0
2025-12-31T09:00:00.000+01:00,0.787,0.26941255,0.21202767685,0,0.26941255,0
2025-12-31T10:00:00.000+01:00,0.133,0.257200625,0.034207683125,0.284,0.257200625,0.0730449775
2025-12-31T11:00:00.000+01:00,0.212,0.2486792,0.0527199904,1.114,0.2486792,0.2770286288
2025-12-31T12:00:00.000+01:00,0.017,0.248155875,0.004218649875,0.748,0.248155875,0.1856205945
2025-12-31T13:00:00.000+01:00,0.104,0.2507241,0.0260753064,0.784,0.2507241,0.1965676944
2025-12-31T14:00:00.000+01:00,0.942,0.25149245,0.2369058879,0.007,0.25149245,0.00176044715
2025-12-31T15:00:00.000+01:00,1.819,0.259275775,0.471622634725,0,0.259275775,0
2025-12-31T16:00:00.000+01:00,1.497,0.27128805,0.40611821085,0,0.27128805,0
2025-12-31T17:00:00.000+01:00,0.565,0.281660775,0.159138337875,0,0.281660775,0
2025-12-31T18:00:00.000+01:00,1.03,0.277776675,0.28610997525,0,0.277776675,0
2025-12-31T19:00:00.000+01:00,0.704,0.2638526,0.1857522304,0,0.2638526,0
2025-12-31T20:00:00.000+01:00,0.589,0.248095375,0.146128175875,0,0.248095375,0
2025-12-31T21:00:00.000+01:00,0.592,0.243684925,0.1442614756,0,0.243684925,0
2025-12-31T22:00:00.000+01:00,0.514,0.246945875,0.12693017975,0,0.246945875,0
2025-12-31T23:00:00.000+01:00,0.445,0.235523475,0.104807946375,0,0.235523475,0
